{"nm":"Library","ddd":0,"h":800,"w":800,"meta":{"g":"@lottiefiles/toolkit-js 0.33.2"},"layers":[{"ty":4,"nm":"Camada de forma 1","sr":1,"st":0,"op":49,"ip":0,"hd":false,"ddd":0,"bm":0,"hasMask":false,"ao":0,"ks":{"a":{"a":0,"k":[0,0,0],"ix":1},"s":{"a":0,"k":[100,100,100],"ix":6},"sk":{"a":0,"k":0},"p":{"a":0,"k":[398,400,0],"ix":2},"r":{"a":0,"k":0,"ix":10},"sa":{"a":0,"k":0},"o":{"a":0,"k":100,"ix":11}},"ef":[],"shapes":[{"ty":"gr","bm":0,"hd":false,"mn":"ADBE Vector Group","nm":"Forma 1","ix":1,"cix":2,"np":3,"it":[{"ty":"sh","bm":0,"hd":false,"mn":"ADBE Vector Shape - Group","nm":"Caminho 1","ix":1,"d":1,"ks":{"a":1,"k":[{"o":{"x":0.167,"y":0.167},"i":{"x":0.833,"y":0.833},"s":[{"c":true,"i":[[-36.5,-8],[-9.5,2],[0,0],[25.873,1.933],[1.814,-4.583],[0,0]],"o":[[36.5,8],[0,0],[-12.135,12.777],[-21.635,-1.616],[0,0],[0,0]],"v":[[-25.749,52.177],[70.251,63.677],[42.355,-70.264],[-39.501,-76.213],[-70.251,-59.406],[-70.245,77.829]]}],"t":0},{"o":{"x":0.167,"y":0.167},"i":{"x":0.833,"y":0.833},"s":[{"c":true,"i":[[-36.5,-8],[-58.242,2.031],[0,0],[25.873,1.933],[1.814,-4.583],[0,0]],"o":[[36.5,8],[0,0],[-40.098,15.531],[-21.635,-1.616],[0,0],[0,0]],"v":[[-41.84,36.573],[45.87,64.652],[17.974,-69.289],[-55.592,-91.817],[-70.251,-59.406],[-70.245,77.829]]}],"t":3.613},{"o":{"x":0.167,"y":0.167},"i":{"x":0.833,"y":0.833},"s":[{"c":true,"i":[[-35.328,2.901],[5.855,13.814],[0,0],[25.873,1.933],[1.814,-4.583],[0,0]],"o":[[33.023,-1.844],[0,0],[-1.538,13.051],[-21.635,-1.616],[0,0],[0,0]],"v":[[-32.821,41.985],[-8.474,23.612],[-24.419,-104.24],[-46.798,-86.405],[-70.251,-59.406],[-70.245,77.829]]}],"t":6},{"o":{"x":0.167,"y":0.167},"i":{"x":0.833,"y":0.833},"s":[{"c":true,"i":[[-17.76,23.238],[1.481,21.304],[0,0],[7.112,-10.733],[1.814,-4.583],[0,0]],"o":[[16.992,-22.886],[0,0],[-1.262,20.746],[-7.186,6.616],[0,0],[0,0]],"v":[[-63.856,43.013],[-53.187,-6.958],[-59.87,-130.092],[-66.295,-90.811],[-70.251,-59.406],[-70.245,77.829]]}],"t":8},{"o":{"x":0.167,"y":0.167},"i":{"x":0.833,"y":0.833},"s":[{"c":true,"i":[[-8.976,33.407],[-0.705,25.049],[0,0],[-0.038,-10.731],[1.814,-4.583],[0,0]],"o":[[8.976,-33.407],[0,0],[9.637,18.069],[0.038,10.731],[0,0],[0,0]],"v":[[-79.373,43.527],[-75.544,-22.243],[-77.596,-143.018],[-66.535,-99.597],[-70.251,-59.406],[-70.245,77.829]]}],"t":9},{"o":{"x":0.167,"y":0.167},"i":{"x":0.667,"y":1},"s":[{"c":true,"i":[[11.978,7.924],[36.356,-0.894],[0,0],[-15.914,-11.241],[1.814,-4.583],[0,0]],"o":[[-11.978,-7.924],[0,0],[43.285,10.167],[15.914,11.241],[0,0],[0,0]],"v":[[-98.404,16.581],[-139.424,8.089],[-141.476,-112.687],[-91.188,-96.693],[-70.251,-59.406],[-70.245,77.829]]}],"t":12.696},{"s":[{"c":true,"i":[[36.52,-8],[9.505,2],[0,0],[-25.887,1.933],[-1.815,-4.583],[0,0]],"o":[[-36.52,8],[0,0],[12.141,12.777],[21.647,-1.616],[0,0],[0,0]],"v":[[-114.778,52.177],[-210.831,63.677],[-182.919,-70.264],[-101.019,-76.213],[-70.251,-59.406],[-70.258,77.829]]}],"t":20}],"ix":2}},{"ty":"fl","bm":0,"hd":false,"mn":"ADBE Vector Graphic - Fill","nm":"Preenchimento 1","c":{"a":1,"k":[{"o":{"x":0.167,"y":0.167},"i":{"x":0.833,"y":0.833},"s":[1,0.898,0.698],"t":0},{"o":{"x":0.167,"y":0.167},"i":{"x":0.833,"y":0.833},"s":[0.9725,0.8275,0.5373],"t":5},{"o":{"x":0.167,"y":0.167},"i":{"x":0.833,"y":0.833},"s":[0.9608,0.8549,0.6471],"t":20},{"s":[0.9608,0.8549,0.6471],"t":41}],"ix":4},"r":1,"o":{"a":0,"k":100,"ix":5}},{"ty":"tr","a":{"a":0,"k":[0,0],"ix":1},"s":{"a":0,"k":[205.08,205.08],"ix":3},"sk":{"a":0,"k":0,"ix":4},"p":{"a":0,"k":[145.371,-14.754],"ix":2},"r":{"a":0,"k":0,"ix":6},"sa":{"a":0,"k":0,"ix":5},"o":{"a":0,"k":100,"ix":7}}]}],"ind":1},{"ty":4,"nm":"Camada de forma 2","sr":1,"st":0,"op":49,"ip":0,"hd":false,"ddd":0,"bm":0,"hasMask":false,"ao":0,"ks":{"a":{"a":0,"k":[0,0,0],"ix":1},"s":{"a":0,"k":[100,100,100],"ix":6},"sk":{"a":0,"k":0},"p":{"a":0,"k":[398,400,0],"ix":2},"r":{"a":0,"k":0,"ix":10},"sa":{"a":0,"k":0},"o":{"a":0,"k":100,"ix":11}},"ef":[],"shapes":[{"ty":"gr","bm":0,"hd":false,"mn":"ADBE Vector Group","nm":"Forma 1","ix":1,"cix":2,"np":3,"it":[{"ty":"sh","bm":0,"hd":false,"mn":"ADBE Vector Shape - Group","nm":"Caminho 1","ix":1,"d":1,"ks":{"a":0,"k":{"c":true,"i":[[-36.5,-8],[-9.5,2],[0,0],[25.873,1.933],[1.814,-4.583],[0,0]],"o":[[36.5,8],[0,0],[-12.135,12.777],[-21.635,-1.616],[0,0],[0,0]],"v":[[-25.749,52.177],[70.251,63.677],[42.355,-70.264],[-39.501,-76.213],[-70.251,-59.406],[-70.245,77.829]]},"ix":2}},{"ty":"fl","bm":0,"hd":false,"mn":"ADBE Vector Graphic - Fill","nm":"Preenchimento 1","c":{"a":1,"k":[{"o":{"x":0.167,"y":0.167},"i":{"x":0.833,"y":0.833},"s":[1,0.898,0.698],"t":0},{"s":[1,0.898,0.698],"t":10}],"ix":4},"r":1,"o":{"a":0,"k":100,"ix":5}},{"ty":"tr","a":{"a":0,"k":[0,0],"ix":1},"s":{"a":0,"k":[205.08,205.08],"ix":3},"sk":{"a":0,"k":0,"ix":4},"p":{"a":0,"k":[145.371,-14.754],"ix":2},"r":{"a":0,"k":0,"ix":6},"sa":{"a":0,"k":0,"ix":5},"o":{"a":0,"k":100,"ix":7}}]}],"ind":2},{"ty":4,"nm":"Camada de forma 3","sr":1,"st":0,"op":49,"ip":0,"hd":false,"ddd":0,"bm":0,"hasMask":false,"ao":0,"ks":{"a":{"a":0,"k":[0,0,0],"ix":1},"s":{"a":0,"k":[100,100,100],"ix":6},"sk":{"a":0,"k":0},"p":{"a":0,"k":[398,400,0],"ix":2},"r":{"a":0,"k":0,"ix":10},"sa":{"a":0,"k":0},"o":{"a":0,"k":100,"ix":11}},"ef":[],"shapes":[{"ty":"gr","bm":0,"hd":false,"mn":"ADBE Vector Group","nm":"Forma 1","ix":1,"cix":2,"np":3,"it":[{"ty":"sh","bm":0,"hd":false,"mn":"ADBE Vector Shape - Group","nm":"Caminho 1","ix":1,"d":1,"ks":{"a":0,"k":{"c":true,"i":[[36.52,-8],[9.505,2],[0,0],[-25.887,1.933],[-1.815,-4.583],[0,0]],"o":[[-36.52,8],[0,0],[12.141,12.777],[21.647,-1.616],[0,0],[0,0]],"v":[[-114.778,52.177],[-210.831,63.677],[-182.919,-70.264],[-101.019,-76.213],[-70.251,-59.406],[-70.258,77.829]]},"ix":2}},{"ty":"fl","bm":0,"hd":false,"mn":"ADBE Vector Graphic - Fill","nm":"Preenchimento 1","c":{"a":1,"k":[{"o":{"x":0.167,"y":0.167},"i":{"x":0.833,"y":0.833},"s":[0.9608,0.8549,0.6471],"t":9},{"s":[0.8275,0.7373,0.5608],"t":16}],"ix":4},"r":1,"o":{"a":0,"k":100,"ix":5}},{"ty":"tr","a":{"a":0,"k":[0,0],"ix":1},"s":{"a":0,"k":[205.08,205.08],"ix":3},"sk":{"a":0,"k":0,"ix":4},"p":{"a":0,"k":[145.371,-14.754],"ix":2},"r":{"a":0,"k":0,"ix":6},"sa":{"a":0,"k":0,"ix":5},"o":{"a":0,"k":100,"ix":7}}]}],"ind":3},{"ty":4,"nm":"Library contornos","sr":1,"st":0,"op":49,"ip":0,"hd":false,"ddd":0,"bm":0,"hasMask":false,"ao":0,"ks":{"a":{"a":0,"k":[400,400,0],"ix":1},"s":{"a":0,"k":[100,100,100],"ix":6},"sk":{"a":0,"k":0},"p":{"a":0,"k":[400,400,0],"ix":2},"r":{"a":0,"k":0,"ix":10},"sa":{"a":0,"k":0},"o":{"a":0,"k":100,"ix":11}},"ef":[],"shapes":[{"ty":"gr","bm":0,"hd":false,"mn":"ADBE Vector Group","nm":"Grupo 1","ix":1,"cix":2,"np":2,"it":[{"ty":"sh","bm":0,"hd":false,"mn":"ADBE Vector Shape - Group","nm":"Caminho 1","ix":1,"d":1,"ks":{"a":0,"k":{"c":true,"i":[[0,0],[0,0],[52.877,3.951],[3.706,-9.367],[44.214,-3.303],[24.811,26.112],[0,0],[0,0],[-63.402,15.223],[-3.928,-12.649],[0,0],[0,0],[0,0],[-63.41,-15.218],[0,0]],"o":[[0,0],[-24.8,26.112],[-44.216,-3.303],[-3.706,-9.367],[-52.888,3.951],[0,0],[0,0],[0,0],[63.395,-15.218],[0,0],[0,0],[0,0],[3.934,-12.649],[63.399,15.223],[0,0]],"v":[[276.811,-101.368],[230.137,-145.232],[62.847,-157.391],[0.001,-123.042],[-62.84,-157.391],[-230.146,-145.232],[-276.815,-101.368],[-326.897,154.291],[-128.646,145.471],[-33.89,157.43],[-0.012,157.43],[0.014,157.43],[33.888,157.43],[128.651,145.471],[326.897,154.291]]},"ix":2}},{"ty":"fl","bm":0,"hd":false,"mn":"ADBE Vector Graphic - Fill","nm":"Preenchimento 1","c":{"a":0,"k":[1,0.949,0.8471],"ix":4},"r":1,"o":{"a":0,"k":100,"ix":5}},{"ty":"tr","a":{"a":0,"k":[0,0],"ix":1},"s":{"a":0,"k":[100,100],"ix":3},"sk":{"a":0,"k":0,"ix":4},"p":{"a":0,"k":[399.408,386.23],"ix":2},"r":{"a":0,"k":0,"ix":6},"sa":{"a":0,"k":0,"ix":5},"o":{"a":0,"k":100,"ix":7}}]},{"ty":"gr","bm":0,"hd":false,"mn":"ADBE Vector Group","nm":"Grupo 2","ix":2,"cix":2,"np":2,"it":[{"ty":"sh","bm":0,"hd":false,"mn":"ADBE Vector Shape - Group","nm":"Caminho 1","ix":1,"d":1,"ks":{"a":0,"k":{"c":true,"i":[[0,0],[0,0],[0,0],[-11.067,0],[-6.153,5.623],[0,0],[10.561,0.313]],"o":[[-10.564,0.313],[0,0],[5.722,5.635],[11.043,0],[0,0],[0,0],[0,0]],"v":[[-279.084,-145.861],[-340,126.704],[-25.985,135.159],[-0.989,145.861],[24.794,135.19],[340,126.704],[279.084,-145.861]]},"ix":2}},{"ty":"fl","bm":0,"hd":false,"mn":"ADBE Vector Graphic - Fill","nm":"Preenchimento 1","c":{"a":0,"k":[0.8863,0.3137,0.1451],"ix":4},"r":1,"o":{"a":0,"k":100,"ix":5}},{"ty":"tr","a":{"a":0,"k":[0,0],"ix":1},"s":{"a":0,"k":[100,100],"ix":3},"sk":{"a":0,"k":0,"ix":4},"p":{"a":0,"k":[399.999,425.567],"ix":2},"r":{"a":0,"k":0,"ix":6},"sa":{"a":0,"k":0,"ix":5},"o":{"a":0,"k":100,"ix":7}}]},{"ty":"gr","bm":0,"hd":false,"mn":"ADBE Vector Group","nm":"Grupo 3","ix":3,"cix":2,"np":4,"it":[{"ty":"sh","bm":0,"hd":false,"mn":"ADBE Vector Shape - Group","nm":"Caminho 1","ix":1,"d":1,"ks":{"a":0,"k":{"c":true,"i":[[19.502,-103.994],[0,0],[-2.888,-2.843],[-5.097,0],[-4.772,4.361],[-3.845,0.104],[0,0],[9.482,29.042],[2.629,2.472],[0,0],[42.679,9.114],[16.148,1.207],[9.635,-24.349],[6.563,0],[0,0],[2.414,6.104],[32.587,-2.432],[21.39,-4.568],[25.61,11.379],[0,0],[3.107,-0.516]],"o":[[0,0],[4.05,0.11],[4.169,4.105],[5.314,0],[2.84,-2.594],[0,0],[-19.469,-103.804],[-3.568,-0.31],[0,0],[-25.607,11.377],[-21.389,-4.567],[-10.858,-0.811],[-2.415,6.103],[0,0],[-6.564,-0.001],[-3.209,-8.11],[-16.151,1.207],[-42.682,9.113],[0,0],[-2.323,2.184],[-9.452,28.804]],"v":[[-320.84,137.489],[-25.555,145.441],[-14.759,150.035],[-0.989,156.137],[14,149.655],[24.363,145.473],[320.84,137.489],[269.35,-103.643],[259.775,-107.925],[227.793,-137.981],[118.8,-144.408],[61.062,-154.496],[14.286,-130.215],[-0.591,-120.103],[-0.592,-120.103],[-15.469,-130.217],[-62.241,-154.496],[-119.987,-144.408],[-228.986,-137.981],[-260.965,-107.925],[-269.301,-103.8]]},"ix":2}},{"ty":"sh","bm":0,"hd":false,"mn":"ADBE Vector Shape - Group","nm":"Caminho 2","ix":2,"d":1,"ks":{"a":0,"k":{"c":true,"i":[[11.312,0],[9.144,7.128],[0,0],[2.943,3.634],[-0.851,4.6],[-13.779,67.467],[-5.536,22.809],[-2.412,7.55],[-13.218,0.393],[-0.158,0],[0,0],[0,0],[-6.064,-6.382],[-22.181,1.68],[-21.569,4.606],[-18.321,1.369],[-15.258,-12.29],[-1.864,-1.916],[-2.271,1.83],[-23.118,-1.727],[-22.482,-4.802],[-18.119,-1.371],[-1.772,1.867],[-6.416,-6.031],[0,0],[0,0],[-0.158,-0.004],[-2.866,-8.973],[-3.395,-13.993],[-8.115,-39.731],[-0.126,-0.682],[2.943,-3.636],[4.675,-0.126],[0,0]],"o":[[-11.368,0],[0,0],[-4.676,-0.126],[-2.943,-3.636],[0.126,-0.682],[8.114,-39.731],[3.397,-13.993],[2.867,-8.973],[0.158,-0.004],[0,0],[0,0],[6.414,-6.029],[1.774,1.866],[18.12,-1.371],[22.485,-4.801],[23.121,-1.729],[2.272,1.83],[1.863,-1.916],[15.26,-12.29],[18.318,1.369],[21.57,4.606],[22.176,1.68],[6.063,-6.383],[0,0],[0,0],[0.158,0],[13.218,0.393],[2.413,7.55],[5.537,22.809],[13.779,67.467],[0.851,4.6],[-2.943,3.635],[0,0],[-9.537,7.101]],"v":[[-0.989,188.137],[-32.158,177.275],[-340.431,168.973],[-352.436,163.048],[-355.733,150.069],[-329.18,13.614],[-308.608,-80.637],[-299.976,-112.651],[-279.559,-135.577],[-279.084,-135.585],[-278.261,-135.585],[-241.696,-169.952],[-219.139,-169.314],[-188.663,-164.963],[-126.67,-175.702],[-64.625,-186.408],[-6.785,-170.489],[-0.59,-164.846],[5.604,-170.489],[63.446,-186.408],[125.482,-175.702],[187.474,-164.963],[217.943,-169.311],[240.502,-169.952],[277.071,-135.585],[279.084,-135.585],[279.558,-135.577],[299.974,-112.651],[308.605,-80.637],[329.179,13.614],[355.733,150.069],[352.436,163.046],[340.431,168.973],[30.706,177.314]]},"ix":2}},{"ty":"mm","bm":0,"hd":false,"mn":"ADBE Vector Filter - Merge","nm":"Mesclar caminhos 1","mm":1},{"ty":"fl","bm":0,"hd":false,"mn":"ADBE Vector Graphic - Fill","nm":"Preenchimento 1","c":{"a":0,"k":[1,1,1],"ix":4},"r":1,"o":{"a":0,"k":100,"ix":5}},{"ty":"tr","a":{"a":0,"k":[0,0],"ix":1},"s":{"a":0,"k":[100,100],"ix":3},"sk":{"a":0,"k":0,"ix":4},"p":{"a":0,"k":[400,399.291],"ix":2},"r":{"a":0,"k":0,"ix":6},"sa":{"a":0,"k":0,"ix":5},"o":{"a":0,"k":100,"ix":7}}]}],"ind":4}],"v":"5.5.4","fr":24,"op":49,"ip":0,"assets":[]}