{"v":"5.9.6","fr":30,"ip":400,"op":600,"w":200,"h":200,"nm":"03 Bulb","ddd":0,"assets":[],"layers":[{"ddd":0,"ind":1,"ty":3,"nm":"Color control","sr":1,"ks":{"o":{"a":0,"k":100,"ix":11},"r":{"a":0,"k":0,"ix":10},"p":{"a":0,"k":[99.833,100.25,0],"ix":2,"l":2},"a":{"a":0,"k":[200,200,0],"ix":1,"l":2},"s":{"a":0,"k":[51,51,100],"ix":6,"l":2}},"ao":0,"ef":[{"ty":5,"nm":"Line","np":3,"mn":"ADBE Color Control","ix":1,"en":1,"ef":[{"ty":2,"nm":"Color","mn":"ADBE Color Control-0001","ix":1,"v":{"a":0,"k":[0.4536,0.2664,0.3413,1],"ix":1}}]},{"ty":5,"nm":"Back 3","np":3,"mn":"ADBE Color Control","ix":2,"en":1,"ef":[{"ty":2,"nm":"Color","mn":"ADBE Color Control-0001","ix":1,"v":{"a":0,"k":[1,0.5569,0.2275,1],"ix":1}}]},{"ty":5,"nm":"Global color on/off","np":3,"mn":"ADBE Checkbox Control","ix":3,"en":1,"ef":[{"ty":7,"nm":"Checkbox","mn":"ADBE Checkbox Control-0001","ix":1,"v":{"a":0,"k":1,"ix":1}}]}],"ip":0,"op":600,"st":0,"bm":0},{"ddd":0,"ind":2,"ty":3,"nm":"Null 3","sr":1,"ks":{"o":{"a":0,"k":0,"ix":11},"r":{"a":0,"k":-8.659,"ix":10},"p":{"a":0,"k":[100,142.125,0],"ix":2,"l":2},"a":{"a":0,"k":[0,0,0],"ix":1,"l":2},"s":{"a":1,"k":[{"i":{"x":[0.667,0.667,0.667],"y":[1,1,1]},"o":{"x":[0.333,0.333,0.333],"y":[0,0,0]},"t":34,"s":[21,21,100]},{"i":{"x":[0.667,0.667,0.667],"y":[1,1,1]},"o":{"x":[0.333,0.333,0.333],"y":[0,0,0]},"t":49,"s":[23,23,100]},{"t":65,"s":[21,21,100]}],"ix":6,"l":2,"x":"var $bm_rt;\n$bm_rt = loopOut('pingpong');"}},"ao":0,"ip":24,"op":600,"st":24,"bm":0},{"ddd":0,"ind":3,"ty":3,"nm":"Null 2","parent":2,"sr":1,"ks":{"o":{"a":0,"k":0,"ix":11},"r":{"a":1,"k":[{"i":{"x":[0.439],"y":[1]},"o":{"x":[0.388],"y":[0]},"t":34,"s":[0]},{"t":65,"s":[17.317]}],"ix":10,"x":"var $bm_rt;\n$bm_rt = loopOut('pingpong');"},"p":{"a":0,"k":[0,0,0],"ix":2,"l":2},"a":{"a":0,"k":[0,0,0],"ix":1,"l":2},"s":{"a":0,"k":[100,100,100],"ix":6,"l":2}},"ao":0,"ip":24,"op":600,"st":24,"bm":0},{"ddd":0,"ind":4,"ty":4,"nm":"Line","parent":3,"sr":1,"ks":{"o":{"a":0,"k":100,"ix":11},"r":{"a":1,"k":[{"i":{"x":[0.607],"y":[1]},"o":{"x":[0.36],"y":[0]},"t":2,"s":[-21.655]},{"i":{"x":[0.585],"y":[1]},"o":{"x":[0.408],"y":[0]},"t":19,"s":[20.428]},{"t":34,"s":[0]}],"ix":10},"p":{"a":0,"k":[0.897,-0.389,0],"ix":2,"l":2},"a":{"a":0,"k":[37.031,89.016,0],"ix":1,"l":2},"s":{"a":0,"k":[476.19,476.19,100],"ix":6,"l":2}},"ao":0,"shapes":[{"ty":"gr","it":[{"ind":0,"ty":"sh","ix":1,"ks":{"a":0,"k":{"i":[[13.312,0],[0,-16.667],[0,-17.286],[0,0],[0,0],[0,0],[0,0],[0,0],[0,17.286]],"o":[[-14.688,0],[0,17.286],[0,0],[0,0],[0,0],[0,0],[0,0],[0,-17.286],[0,-18]],"v":[[0,-39.5],[-27,-11.5],[-10,25.929],[-10,39.5],[-1,39.5],[1,39.5],[10,39.5],[10,25.929],[27,-11.5]],"c":true},"ix":2},"nm":"Path 1","mn":"ADBE Vector Shape - Group","hd":false},{"ty":"st","c":{"a":0,"k":[0.5294,0.0941,0.2667,1],"ix":3,"x":"var $bm_rt;\nvar a;\n$bm_rt = a = thisComp.layer('Color control').effect('Global color on/off')('Checkbox');\nif (a == 0)\n    $bm_rt = thisComp.layer('Color control').effect('Line')('Color');\nelse\n    $bm_rt = comp('*All icons').layer('Master color').effect('Line')('Color');"},"o":{"a":0,"k":100,"ix":4},"w":{"a":0,"k":4,"ix":5},"lc":2,"lj":2,"bm":0,"nm":"Stroke 1","mn":"ADBE Vector Graphic - Stroke","hd":false},{"ty":"tr","p":{"a":0,"k":[37,49.5],"ix":2},"a":{"a":0,"k":[0,0],"ix":1},"s":{"a":0,"k":[100,100],"ix":3},"r":{"a":0,"k":0,"ix":6},"o":{"a":0,"k":100,"ix":7},"sk":{"a":0,"k":0,"ix":4},"sa":{"a":0,"k":0,"ix":5},"nm":"Transform"}],"nm":"Group 1","np":2,"cix":2,"bm":0,"ix":1,"mn":"ADBE Vector Group","hd":false},{"ty":"tm","s":{"a":1,"k":[{"i":{"x":[0.667],"y":[1]},"o":{"x":[0.333],"y":[0]},"t":1,"s":[100]},{"t":24,"s":[0]}],"ix":1},"e":{"a":0,"k":100,"ix":2},"o":{"a":0,"k":539,"ix":3},"m":1,"ix":2,"nm":"Trim Paths 1","mn":"ADBE Vector Filter - Trim","hd":false}],"ip":0,"op":600,"st":0,"ct":1,"bm":0},{"ddd":0,"ind":5,"ty":4,"nm":"Line","parent":4,"sr":1,"ks":{"o":{"a":1,"k":[{"i":{"x":[0.667],"y":[1]},"o":{"x":[0.333],"y":[0]},"t":34,"s":[0]},{"t":38,"s":[100]}],"ix":11},"r":{"a":0,"k":0,"ix":10},"p":{"a":0,"k":[-2,33,0],"ix":2,"l":2},"a":{"a":0,"k":[13.5,10,0],"ix":1,"l":2},"s":{"a":0,"k":[100,100,100],"ix":6,"l":2}},"ao":0,"shapes":[{"ty":"gr","it":[{"ind":0,"ty":"sh","ix":1,"ks":{"a":0,"k":{"i":[[0,0],[0,0]],"o":[[0,0],[0,0]],"v":[[17,10],[-3.438,10]],"c":false},"ix":2},"nm":"Path 1","mn":"ADBE Vector Shape - Group","hd":false},{"ty":"tm","s":{"a":0,"k":0,"ix":1},"e":{"a":1,"k":[{"i":{"x":[0.667],"y":[1]},"o":{"x":[0.333],"y":[0]},"t":36,"s":[33]},{"i":{"x":[0.667],"y":[1]},"o":{"x":[0.333],"y":[0]},"t":49,"s":[98]},{"t":70,"s":[33]}],"ix":2,"x":"var $bm_rt;\n$bm_rt = loopOut('cycle');"},"o":{"a":0,"k":0,"ix":3},"m":1,"ix":2,"nm":"Trim Paths 1","mn":"ADBE Vector Filter - Trim","hd":false},{"ty":"st","c":{"a":0,"k":[0.5294,0.0941,0.2667,1],"ix":3,"x":"var $bm_rt;\nvar a, a;\na = thisComp.layer('Color control').effect('Global color on/off')('Checkbox');\nif (a == 0)\n    thisComp.layer('Color control').effect('Line')('Color');\n$bm_rt = a = thisComp.layer('Color control').effect('Global color on/off')('Checkbox');\nif (a == 0)\n    $bm_rt = thisComp.layer('Color control').effect('Line')('Color');\nelse\n    $bm_rt = comp('*All icons').layer('Master color').effect('Line')('Color');"},"o":{"a":0,"k":100,"ix":4},"w":{"a":0,"k":4,"ix":5},"lc":2,"lj":2,"bm":0,"nm":"Stroke 1","mn":"ADBE Vector Graphic - Stroke","hd":false},{"ty":"tr","p":{"a":0,"k":[0,0],"ix":2},"a":{"a":0,"k":[0,0],"ix":1},"s":{"a":0,"k":[100,100],"ix":3},"r":{"a":0,"k":0,"ix":6},"o":{"a":0,"k":100,"ix":7},"sk":{"a":0,"k":0,"ix":4},"sa":{"a":0,"k":0,"ix":5},"nm":"Transform"}],"nm":"Group 1","np":3,"cix":2,"bm":0,"ix":1,"mn":"ADBE Vector Group","hd":false}],"ip":-29,"op":600,"st":46,"ct":1,"bm":0},{"ddd":0,"ind":6,"ty":4,"nm":"Line","parent":4,"sr":1,"ks":{"o":{"a":1,"k":[{"i":{"x":[0.667],"y":[1]},"o":{"x":[0.333],"y":[0]},"t":31,"s":[0]},{"t":35,"s":[100]}],"ix":11},"r":{"a":0,"k":45,"ix":10},"p":{"a":0,"k":[10,7.5,0],"ix":2,"l":2},"a":{"a":0,"k":[13.5,10,0],"ix":1,"l":2},"s":{"a":0,"k":[100,100,100],"ix":6,"l":2}},"ao":0,"shapes":[{"ty":"gr","it":[{"ind":0,"ty":"sh","ix":1,"ks":{"a":0,"k":{"i":[[0,0],[0,0]],"o":[[0,0],[0,0]],"v":[[17,10],[-3.438,10]],"c":false},"ix":2},"nm":"Path 1","mn":"ADBE Vector Shape - Group","hd":false},{"ty":"tm","s":{"a":0,"k":0,"ix":1},"e":{"a":1,"k":[{"i":{"x":[0.667],"y":[1]},"o":{"x":[0.333],"y":[0]},"t":33,"s":[33]},{"i":{"x":[0.667],"y":[1]},"o":{"x":[0.333],"y":[0]},"t":46,"s":[98]},{"t":67,"s":[33]}],"ix":2,"x":"var $bm_rt;\n$bm_rt = loopOut('cycle');"},"o":{"a":0,"k":0,"ix":3},"m":1,"ix":2,"nm":"Trim Paths 1","mn":"ADBE Vector Filter - Trim","hd":false},{"ty":"st","c":{"a":0,"k":[0.5294,0.0941,0.2667,1],"ix":3,"x":"var $bm_rt;\nvar a, a;\na = thisComp.layer('Color control').effect('Global color on/off')('Checkbox');\nif (a == 0)\n    thisComp.layer('Color control').effect('Line')('Color');\n$bm_rt = a = thisComp.layer('Color control').effect('Global color on/off')('Checkbox');\nif (a == 0)\n    $bm_rt = thisComp.layer('Color control').effect('Line')('Color');\nelse\n    $bm_rt = comp('*All icons').layer('Master color').effect('Line')('Color');"},"o":{"a":0,"k":100,"ix":4},"w":{"a":0,"k":4,"ix":5},"lc":2,"lj":2,"bm":0,"nm":"Stroke 1","mn":"ADBE Vector Graphic - Stroke","hd":false},{"ty":"tr","p":{"a":0,"k":[0,0],"ix":2},"a":{"a":0,"k":[0,0],"ix":1},"s":{"a":0,"k":[100,100],"ix":3},"r":{"a":0,"k":0,"ix":6},"o":{"a":0,"k":100,"ix":7},"sk":{"a":0,"k":0,"ix":4},"sa":{"a":0,"k":0,"ix":5},"nm":"Transform"}],"nm":"Group 1","np":3,"cix":2,"bm":0,"ix":1,"mn":"ADBE Vector Group","hd":false}],"ip":-32,"op":600,"st":43,"ct":1,"bm":0},{"ddd":0,"ind":7,"ty":4,"nm":"Line","parent":4,"sr":1,"ks":{"o":{"a":1,"k":[{"i":{"x":[0.667],"y":[1]},"o":{"x":[0.333],"y":[0]},"t":28,"s":[0]},{"t":32,"s":[100]}],"ix":11},"r":{"a":0,"k":90,"ix":10},"p":{"a":0,"k":[37,-1.5,0],"ix":2,"l":2},"a":{"a":0,"k":[13.5,10,0],"ix":1,"l":2},"s":{"a":0,"k":[100,100,100],"ix":6,"l":2}},"ao":0,"shapes":[{"ty":"gr","it":[{"ind":0,"ty":"sh","ix":1,"ks":{"a":0,"k":{"i":[[0,0],[0,0]],"o":[[0,0],[0,0]],"v":[[17,10],[-3.438,10]],"c":false},"ix":2},"nm":"Path 1","mn":"ADBE Vector Shape - Group","hd":false},{"ty":"tm","s":{"a":0,"k":0,"ix":1},"e":{"a":1,"k":[{"i":{"x":[0.667],"y":[1]},"o":{"x":[0.333],"y":[0]},"t":30,"s":[33]},{"i":{"x":[0.667],"y":[1]},"o":{"x":[0.333],"y":[0]},"t":43,"s":[98]},{"t":64,"s":[33]}],"ix":2,"x":"var $bm_rt;\n$bm_rt = loopOut('cycle');"},"o":{"a":0,"k":0,"ix":3},"m":1,"ix":2,"nm":"Trim Paths 1","mn":"ADBE Vector Filter - Trim","hd":false},{"ty":"st","c":{"a":0,"k":[0.5294,0.0941,0.2667,1],"ix":3,"x":"var $bm_rt;\nvar a, a;\na = thisComp.layer('Color control').effect('Global color on/off')('Checkbox');\nif (a == 0)\n    thisComp.layer('Color control').effect('Line')('Color');\n$bm_rt = a = thisComp.layer('Color control').effect('Global color on/off')('Checkbox');\nif (a == 0)\n    $bm_rt = thisComp.layer('Color control').effect('Line')('Color');\nelse\n    $bm_rt = comp('*All icons').layer('Master color').effect('Line')('Color');"},"o":{"a":0,"k":100,"ix":4},"w":{"a":0,"k":4,"ix":5},"lc":2,"lj":2,"bm":0,"nm":"Stroke 1","mn":"ADBE Vector Graphic - Stroke","hd":false},{"ty":"tr","p":{"a":0,"k":[0,0],"ix":2},"a":{"a":0,"k":[0,0],"ix":1},"s":{"a":0,"k":[100,100],"ix":3},"r":{"a":0,"k":0,"ix":6},"o":{"a":0,"k":100,"ix":7},"sk":{"a":0,"k":0,"ix":4},"sa":{"a":0,"k":0,"ix":5},"nm":"Transform"}],"nm":"Group 1","np":3,"cix":2,"bm":0,"ix":1,"mn":"ADBE Vector Group","hd":false}],"ip":-35,"op":600,"st":40,"ct":1,"bm":0},{"ddd":0,"ind":8,"ty":4,"nm":"Line","parent":4,"sr":1,"ks":{"o":{"a":1,"k":[{"i":{"x":[0.667],"y":[1]},"o":{"x":[0.333],"y":[0]},"t":25,"s":[0]},{"t":29,"s":[100]}],"ix":11},"r":{"a":0,"k":135,"ix":10},"p":{"a":0,"k":[64.75,8,0],"ix":2,"l":2},"a":{"a":0,"k":[13.5,10,0],"ix":1,"l":2},"s":{"a":0,"k":[100,100,100],"ix":6,"l":2}},"ao":0,"shapes":[{"ty":"gr","it":[{"ind":0,"ty":"sh","ix":1,"ks":{"a":0,"k":{"i":[[0,0],[0,0]],"o":[[0,0],[0,0]],"v":[[17,10],[-3.438,10]],"c":false},"ix":2},"nm":"Path 1","mn":"ADBE Vector Shape - Group","hd":false},{"ty":"tm","s":{"a":0,"k":0,"ix":1},"e":{"a":1,"k":[{"i":{"x":[0.667],"y":[1]},"o":{"x":[0.333],"y":[0]},"t":27,"s":[33]},{"i":{"x":[0.667],"y":[1]},"o":{"x":[0.333],"y":[0]},"t":40,"s":[98]},{"t":61,"s":[33]}],"ix":2,"x":"var $bm_rt;\n$bm_rt = loopOut('cycle');"},"o":{"a":0,"k":0,"ix":3},"m":1,"ix":2,"nm":"Trim Paths 1","mn":"ADBE Vector Filter - Trim","hd":false},{"ty":"st","c":{"a":0,"k":[0.5294,0.0941,0.2667,1],"ix":3,"x":"var $bm_rt;\nvar a, a;\na = thisComp.layer('Color control').effect('Global color on/off')('Checkbox');\nif (a == 0)\n    thisComp.layer('Color control').effect('Line')('Color');\n$bm_rt = a = thisComp.layer('Color control').effect('Global color on/off')('Checkbox');\nif (a == 0)\n    $bm_rt = thisComp.layer('Color control').effect('Line')('Color');\nelse\n    $bm_rt = comp('*All icons').layer('Master color').effect('Line')('Color');"},"o":{"a":0,"k":100,"ix":4},"w":{"a":0,"k":4,"ix":5},"lc":2,"lj":2,"bm":0,"nm":"Stroke 1","mn":"ADBE Vector Graphic - Stroke","hd":false},{"ty":"tr","p":{"a":0,"k":[0,0],"ix":2},"a":{"a":0,"k":[0,0],"ix":1},"s":{"a":0,"k":[100,100],"ix":3},"r":{"a":0,"k":0,"ix":6},"o":{"a":0,"k":100,"ix":7},"sk":{"a":0,"k":0,"ix":4},"sa":{"a":0,"k":0,"ix":5},"nm":"Transform"}],"nm":"Group 1","np":3,"cix":2,"bm":0,"ix":1,"mn":"ADBE Vector Group","hd":false}],"ip":-38,"op":600,"st":37,"ct":1,"bm":0},{"ddd":0,"ind":9,"ty":4,"nm":"Line","parent":4,"sr":1,"ks":{"o":{"a":1,"k":[{"i":{"x":[0.667],"y":[1]},"o":{"x":[0.333],"y":[0]},"t":22,"s":[0]},{"t":26,"s":[100]}],"ix":11},"r":{"a":0,"k":180,"ix":10},"p":{"a":0,"k":[75.5,33,0],"ix":2,"l":2},"a":{"a":0,"k":[13.5,10,0],"ix":1,"l":2},"s":{"a":0,"k":[100,100,100],"ix":6,"l":2}},"ao":0,"shapes":[{"ty":"gr","it":[{"ind":0,"ty":"sh","ix":1,"ks":{"a":0,"k":{"i":[[0,0],[0,0]],"o":[[0,0],[0,0]],"v":[[17,10],[-3.438,10]],"c":false},"ix":2},"nm":"Path 1","mn":"ADBE Vector Shape - Group","hd":false},{"ty":"tm","s":{"a":0,"k":0,"ix":1},"e":{"a":1,"k":[{"i":{"x":[0.667],"y":[1]},"o":{"x":[0.333],"y":[0]},"t":24,"s":[33]},{"i":{"x":[0.667],"y":[1]},"o":{"x":[0.333],"y":[0]},"t":37,"s":[98]},{"t":58,"s":[33]}],"ix":2,"x":"var $bm_rt;\n$bm_rt = loopOut('cycle');"},"o":{"a":0,"k":0,"ix":3},"m":1,"ix":2,"nm":"Trim Paths 1","mn":"ADBE Vector Filter - Trim","hd":false},{"ty":"st","c":{"a":0,"k":[0.5294,0.0941,0.2667,1],"ix":3,"x":"var $bm_rt;\nvar a, a;\na = thisComp.layer('Color control').effect('Global color on/off')('Checkbox');\nif (a == 0)\n    thisComp.layer('Color control').effect('Line')('Color');\n$bm_rt = a = thisComp.layer('Color control').effect('Global color on/off')('Checkbox');\nif (a == 0)\n    $bm_rt = thisComp.layer('Color control').effect('Line')('Color');\nelse\n    $bm_rt = comp('*All icons').layer('Master color').effect('Line')('Color');"},"o":{"a":0,"k":100,"ix":4},"w":{"a":0,"k":4,"ix":5},"lc":2,"lj":2,"bm":0,"nm":"Stroke 1","mn":"ADBE Vector Graphic - Stroke","hd":false},{"ty":"tr","p":{"a":0,"k":[0,0],"ix":2},"a":{"a":0,"k":[0,0],"ix":1},"s":{"a":0,"k":[100,100],"ix":3},"r":{"a":0,"k":0,"ix":6},"o":{"a":0,"k":100,"ix":7},"sk":{"a":0,"k":0,"ix":4},"sa":{"a":0,"k":0,"ix":5},"nm":"Transform"}],"nm":"Group 1","np":3,"cix":2,"bm":0,"ix":1,"mn":"ADBE Vector Group","hd":false}],"ip":-41,"op":600,"st":34,"ct":1,"bm":0},{"ddd":0,"ind":10,"ty":4,"nm":"Line","parent":4,"sr":1,"ks":{"o":{"a":0,"k":100,"ix":11},"r":{"a":0,"k":0,"ix":10},"p":{"a":0,"k":[37,84,0],"ix":2,"l":2},"a":{"a":0,"k":[8,5,0],"ix":1,"l":2},"s":{"a":0,"k":[100,100,100],"ix":6,"l":2}},"ao":0,"shapes":[{"ty":"gr","it":[{"ind":0,"ty":"sh","ix":1,"ks":{"a":0,"k":{"i":[[0,0],[0,0]],"o":[[0,0],[0,0]],"v":[[5,5],[11,5]],"c":false},"ix":2},"nm":"Path 1","mn":"ADBE Vector Shape - Group","hd":false},{"ty":"st","c":{"a":0,"k":[0.5294,0.0941,0.2667,1],"ix":3,"x":"var $bm_rt;\nvar a;\n$bm_rt = a = thisComp.layer('Color control').effect('Global color on/off')('Checkbox');\nif (a == 0)\n    $bm_rt = thisComp.layer('Color control').effect('Line')('Color');\nelse\n    $bm_rt = comp('*All icons').layer('Master color').effect('Line')('Color');"},"o":{"a":0,"k":100,"ix":4},"w":{"a":0,"k":2,"ix":5},"lc":2,"lj":2,"bm":0,"nm":"Stroke 1","mn":"ADBE Vector Graphic - Stroke","hd":false},{"ty":"tr","p":{"a":0,"k":[0,0],"ix":2},"a":{"a":0,"k":[0,0],"ix":1},"s":{"a":0,"k":[100,100],"ix":3},"r":{"a":0,"k":0,"ix":6},"o":{"a":0,"k":100,"ix":7},"sk":{"a":0,"k":0,"ix":4},"sa":{"a":0,"k":0,"ix":5},"nm":"Transform"}],"nm":"Group 1","np":2,"cix":2,"bm":0,"ix":1,"mn":"ADBE Vector Group","hd":false},{"ty":"tm","s":{"a":0,"k":100,"ix":1},"e":{"a":1,"k":[{"i":{"x":[0.833],"y":[0.833]},"o":{"x":[0.167],"y":[0.167]},"t":22,"s":[100]},{"t":27,"s":[0]}],"ix":2},"o":{"a":0,"k":0,"ix":3},"m":1,"ix":2,"nm":"Trim Paths 1","mn":"ADBE Vector Filter - Trim","hd":false}],"ip":0,"op":600,"st":0,"ct":1,"bm":0},{"ddd":0,"ind":11,"ty":4,"nm":"Line","parent":4,"sr":1,"ks":{"o":{"a":0,"k":100,"ix":11},"r":{"a":0,"k":0,"ix":10},"p":{"a":0,"k":[37,80,0],"ix":2,"l":2},"a":{"a":0,"k":[11,5,0],"ix":1,"l":2},"s":{"a":0,"k":[100,100,100],"ix":6,"l":2}},"ao":0,"shapes":[{"ty":"gr","it":[{"ind":0,"ty":"sh","ix":1,"ks":{"a":0,"k":{"i":[[0,0],[0,0]],"o":[[0,0],[0,0]],"v":[[5,5],[17,5]],"c":false},"ix":2},"nm":"Path 1","mn":"ADBE Vector Shape - Group","hd":false},{"ty":"st","c":{"a":0,"k":[0.5294,0.0941,0.2667,1],"ix":3,"x":"var $bm_rt;\nvar a;\n$bm_rt = a = thisComp.layer('Color control').effect('Global color on/off')('Checkbox');\nif (a == 0)\n    $bm_rt = thisComp.layer('Color control').effect('Line')('Color');\nelse\n    $bm_rt = comp('*All icons').layer('Master color').effect('Line')('Color');"},"o":{"a":0,"k":100,"ix":4},"w":{"a":0,"k":2,"ix":5},"lc":2,"lj":2,"bm":0,"nm":"Stroke 1","mn":"ADBE Vector Graphic - Stroke","hd":false},{"ty":"tr","p":{"a":0,"k":[0,0],"ix":2},"a":{"a":0,"k":[0,0],"ix":1},"s":{"a":0,"k":[100,100],"ix":3},"r":{"a":0,"k":0,"ix":6},"o":{"a":0,"k":100,"ix":7},"sk":{"a":0,"k":0,"ix":4},"sa":{"a":0,"k":0,"ix":5},"nm":"Transform"}],"nm":"Group 1","np":2,"cix":2,"bm":0,"ix":1,"mn":"ADBE Vector Group","hd":false},{"ty":"tm","s":{"a":0,"k":100,"ix":1},"e":{"a":1,"k":[{"i":{"x":[0.833],"y":[0.833]},"o":{"x":[0.167],"y":[0.167]},"t":20,"s":[100]},{"t":25,"s":[0]}],"ix":2},"o":{"a":0,"k":0,"ix":3},"m":1,"ix":2,"nm":"Trim Paths 1","mn":"ADBE Vector Filter - Trim","hd":false}],"ip":0,"op":600,"st":0,"ct":1,"bm":0},{"ddd":0,"ind":12,"ty":4,"nm":"Line","parent":4,"sr":1,"ks":{"o":{"a":0,"k":100,"ix":11},"r":{"a":0,"k":0,"ix":10},"p":{"a":0,"k":[36.5,76,0],"ix":2,"l":2},"a":{"a":0,"k":[14.5,5,0],"ix":1,"l":2},"s":{"a":0,"k":[100,100,100],"ix":6,"l":2}},"ao":0,"shapes":[{"ty":"gr","it":[{"ind":0,"ty":"sh","ix":1,"ks":{"a":0,"k":{"i":[[0,0],[0,0]],"o":[[0,0],[0,0]],"v":[[5,5],[24,5]],"c":false},"ix":2},"nm":"Path 1","mn":"ADBE Vector Shape - Group","hd":false},{"ty":"st","c":{"a":0,"k":[0.5294,0.0941,0.2667,1],"ix":3,"x":"var $bm_rt;\nvar a;\n$bm_rt = a = thisComp.layer('Color control').effect('Global color on/off')('Checkbox');\nif (a == 0)\n    $bm_rt = thisComp.layer('Color control').effect('Line')('Color');\nelse\n    $bm_rt = comp('*All icons').layer('Master color').effect('Line')('Color');"},"o":{"a":0,"k":100,"ix":4},"w":{"a":0,"k":2,"ix":5},"lc":2,"lj":2,"bm":0,"nm":"Stroke 1","mn":"ADBE Vector Graphic - Stroke","hd":false},{"ty":"tr","p":{"a":0,"k":[0,0],"ix":2},"a":{"a":0,"k":[0,0],"ix":1},"s":{"a":0,"k":[100,100],"ix":3},"r":{"a":0,"k":0,"ix":6},"o":{"a":0,"k":100,"ix":7},"sk":{"a":0,"k":0,"ix":4},"sa":{"a":0,"k":0,"ix":5},"nm":"Transform"}],"nm":"Group 1","np":2,"cix":2,"bm":0,"ix":1,"mn":"ADBE Vector Group","hd":false},{"ty":"tm","s":{"a":0,"k":100,"ix":1},"e":{"a":1,"k":[{"i":{"x":[0.833],"y":[0.833]},"o":{"x":[0.167],"y":[0.167]},"t":18,"s":[100]},{"t":23,"s":[0]}],"ix":2},"o":{"a":0,"k":0,"ix":3},"m":1,"ix":2,"nm":"Trim Paths 1","mn":"ADBE Vector Filter - Trim","hd":false}],"ip":0,"op":600,"st":0,"ct":1,"bm":0},{"ddd":0,"ind":13,"ty":4,"nm":"Line","parent":4,"sr":1,"ks":{"o":{"a":0,"k":100,"ix":11},"r":{"a":0,"k":0,"ix":10},"p":{"a":0,"k":[37,57.248,0],"ix":2,"l":2},"a":{"a":0,"k":[19,24,0],"ix":1,"l":2},"s":{"a":0,"k":[103.306,103.306,100],"ix":6,"l":2}},"ao":0,"shapes":[{"ty":"gr","it":[{"ind":0,"ty":"sh","ix":1,"ks":{"a":0,"k":{"i":[[0,0],[0,0],[0,0],[8,0],[0,0],[0,0],[0,0],[0,0]],"o":[[0,0],[0,0],[0,0],[0,0],[-8,0],[0,0],[0,0],[0,0]],"v":[[4.834,17.709],[4.758,1.202],[14,-13],[1,-19],[-1,-19],[-14,-13],[-4.839,1.04],[-4.84,17.83]],"c":false},"ix":2},"nm":"Path 1","mn":"ADBE Vector Shape - Group","hd":false},{"ty":"st","c":{"a":0,"k":[0.5294,0.0941,0.2667,1],"ix":3,"x":"var $bm_rt;\nvar a;\n$bm_rt = a = thisComp.layer('Color control').effect('Global color on/off')('Checkbox');\nif (a == 0)\n    $bm_rt = thisComp.layer('Color control').effect('Line')('Color');\nelse\n    $bm_rt = comp('*All icons').layer('Master color').effect('Line')('Color');"},"o":{"a":0,"k":100,"ix":4},"w":{"a":0,"k":2,"ix":5},"lc":2,"lj":2,"bm":0,"nm":"Stroke 1","mn":"ADBE Vector Graphic - Stroke","hd":false},{"ty":"tr","p":{"a":0,"k":[19,24],"ix":2},"a":{"a":0,"k":[0,0],"ix":1},"s":{"a":0,"k":[100,100],"ix":3},"r":{"a":0,"k":0,"ix":6},"o":{"a":0,"k":100,"ix":7},"sk":{"a":0,"k":0,"ix":4},"sa":{"a":0,"k":0,"ix":5},"nm":"Transform"}],"nm":"Group 1","np":2,"cix":2,"bm":0,"ix":1,"mn":"ADBE Vector Group","hd":false},{"ty":"tm","s":{"a":0,"k":0,"ix":1},"e":{"a":1,"k":[{"i":{"x":[0.667],"y":[1]},"o":{"x":[0.333],"y":[0]},"t":17,"s":[0]},{"t":36,"s":[100]}],"ix":2},"o":{"a":0,"k":0,"ix":3},"m":1,"ix":2,"nm":"Trim Paths 1","mn":"ADBE Vector Filter - Trim","hd":false}],"ip":0,"op":600,"st":0,"ct":1,"bm":0}],"markers":[{"tm":53,"cm":"1","dr":0},{"tm":71,"cm":"2","dr":0},{"tm":117,"cm":"3","dr":0}]}