{"v":"5.9.0","fr":24,"ip":0,"op":48,"w":650,"h":650,"nm":"emoji_u1F440","ddd":0,"assets":[],"layers":[{"ddd":0,"ind":1,"ty":4,"nm":"R Eye Line ","parent":5,"sr":1,"ks":{"o":{"a":0,"k":100,"ix":11},"r":{"a":0,"k":0,"ix":10},"p":{"a":0,"k":[0,0,0],"ix":2,"l":2},"a":{"a":0,"k":[0,0,0],"ix":1,"l":2},"s":{"a":0,"k":[100,100,100],"ix":6,"l":2}},"ao":0,"shapes":[{"ty":"gr","it":[{"d":1,"ty":"el","s":{"a":0,"k":[255.625,391.625],"ix":2},"p":{"a":0,"k":[0,0],"ix":3},"nm":"Ellipse Path 1","mn":"ADBE Vector Shape - Ellipse","hd":false},{"ty":"st","c":{"a":0,"k":[0.705882352941,0.756862804936,0.784313785329,1],"ix":3},"o":{"a":0,"k":100,"ix":4},"w":{"a":0,"k":20,"ix":5},"lc":1,"lj":1,"ml":4,"bm":0,"nm":"Stroke 1","mn":"ADBE Vector Graphic - Stroke","hd":false},{"ty":"tr","p":{"a":0,"k":[-135.828,16],"ix":2},"a":{"a":0,"k":[0,0],"ix":1},"s":{"a":0,"k":[100,100],"ix":3},"r":{"a":0,"k":0,"ix":6},"o":{"a":0,"k":100,"ix":7},"sk":{"a":0,"k":0,"ix":4},"sa":{"a":0,"k":0,"ix":5},"nm":"Transform"}],"nm":"R Eye Line","np":2,"cix":2,"bm":0,"ix":1,"mn":"ADBE Vector Group","hd":false}],"ip":0,"op":48,"st":0,"bm":0},{"ddd":0,"ind":2,"ty":4,"nm":"R Lid 02","parent":5,"sr":1,"ks":{"o":{"a":0,"k":100,"ix":11},"r":{"a":0,"k":0,"ix":10},"p":{"a":0,"k":[0,0,0],"ix":2,"l":2},"a":{"a":0,"k":[0,0,0],"ix":1,"l":2},"s":{"a":0,"k":[100,100,100],"ix":6,"l":2}},"ao":0,"shapes":[{"ty":"gr","it":[{"ind":0,"ty":"sh","ix":1,"ks":{"a":1,"k":[{"i":{"x":0,"y":1},"o":{"x":0.065,"y":0},"t":33,"s":[{"i":[[-70.589,0],[0,-108.144],[118.477,-2.316],[0.321,0]],"o":[[70.589,0],[0.507,-0.499],[-121.524,2.375],[0,-108.144]],"v":[[0,-195.812],[127.812,0],[0.352,-196.375],[-127.812,0]],"c":true}]},{"i":{"x":0.833,"y":1},"o":{"x":0.167,"y":0},"t":39,"s":[{"i":[[-70.589,0],[0,-108.144],[74.534,-1.625],[0.321,0]],"o":[[70.589,0],[0.507,-0.499],[-70.489,1.536],[0,-108.144]],"v":[[0,-195.812],[127.812,0],[0.588,51.625],[-127.812,0]],"c":true}]},{"i":{"x":0,"y":1},"o":{"x":0.203,"y":0},"t":42,"s":[{"i":[[-70.589,0],[0,-108.144],[74.534,-1.625],[0.321,0]],"o":[[70.589,0],[0.507,-0.499],[-70.489,1.536],[0,-108.144]],"v":[[0,-195.812],[127.812,0],[0.588,51.625],[-127.812,0]],"c":true}]},{"t":46,"s":[{"i":[[-70.589,0],[0,-108.144],[118.477,-2.316],[0.321,0]],"o":[[70.589,0],[0.507,-0.499],[-121.524,2.375],[0,-108.144]],"v":[[0,-195.812],[127.812,0],[0.352,-196.375],[-127.812,0]],"c":true}]}],"ix":2},"nm":"Path 1","mn":"ADBE Vector Shape - Group","hd":false},{"ty":"st","c":{"a":0,"k":[0.705882352941,0.756862804936,0.784313785329,1],"ix":3},"o":{"a":0,"k":100,"ix":4},"w":{"a":0,"k":20,"ix":5},"lc":1,"lj":1,"ml":4,"bm":0,"nm":"Stroke 1","mn":"ADBE Vector Graphic - Stroke","hd":false},{"ty":"fl","c":{"a":0,"k":[0.614441695868,0.691064094095,0.732322303922,1],"ix":4},"o":{"a":0,"k":100,"ix":5},"r":1,"bm":0,"nm":"Fill 1","mn":"ADBE Vector Graphic - Fill","hd":false},{"ty":"tr","p":{"a":0,"k":[-135.828,16],"ix":2},"a":{"a":0,"k":[0,0],"ix":1},"s":{"a":0,"k":[100,100],"ix":3},"r":{"a":0,"k":0,"ix":6},"o":{"a":0,"k":100,"ix":7},"sk":{"a":0,"k":0,"ix":4},"sa":{"a":0,"k":0,"ix":5},"nm":"Transform"}],"nm":"R Top 02","np":3,"cix":2,"bm":0,"ix":1,"mn":"ADBE Vector Group","hd":false},{"ty":"gr","it":[{"ind":0,"ty":"sh","ix":1,"ks":{"a":1,"k":[{"i":{"x":0,"y":1},"o":{"x":0.065,"y":0},"t":33,"s":[{"i":[[1.012,0],[70.589,0],[0,108.144],[-122.826,-3.377]],"o":[[0,108.144],[-70.589,0],[-0.179,0.498],[121.136,3.33]],"v":[[127.813,0],[0,195.812],[-127.812,0],[-0.346,195.377]],"c":true}]},{"i":{"x":0,"y":1},"o":{"x":0.203,"y":0},"t":42,"s":[{"i":[[1.012,0],[70.589,0],[0,108.144],[-63.939,0.123]],"o":[[0,108.144],[-70.589,0],[-0.179,0.498],[64.468,-0.124]],"v":[[127.813,0],[0,195.812],[-127.812,0],[-0.173,0.377]],"c":true}]},{"t":45,"s":[{"i":[[1.012,0],[70.589,0],[0,108.144],[-122.826,-3.377]],"o":[[0,108.144],[-70.589,0],[-0.179,0.498],[121.136,3.33]],"v":[[127.812,0],[0,195.812],[-127.812,0],[-0.346,195.377]],"c":true}]}],"ix":2},"nm":"Path 1","mn":"ADBE Vector Shape - Group","hd":false},{"ty":"st","c":{"a":0,"k":[0.705882352941,0.756862804936,0.784313785329,1],"ix":3},"o":{"a":0,"k":100,"ix":4},"w":{"a":0,"k":20,"ix":5},"lc":1,"lj":1,"ml":4,"bm":0,"nm":"Stroke 1","mn":"ADBE Vector Graphic - Stroke","hd":false},{"ty":"fl","c":{"a":0,"k":[0.61568627451,0.690196078431,0.733333333333,1],"ix":4},"o":{"a":0,"k":100,"ix":5},"r":1,"bm":0,"nm":"Fill 1","mn":"ADBE Vector Graphic - Fill","hd":false},{"ty":"tr","p":{"a":0,"k":[-135.828,16],"ix":2},"a":{"a":0,"k":[0,0],"ix":1},"s":{"a":0,"k":[100,100],"ix":3},"r":{"a":0,"k":0,"ix":6},"o":{"a":0,"k":100,"ix":7},"sk":{"a":0,"k":0,"ix":4},"sa":{"a":0,"k":0,"ix":5},"nm":"Transform"}],"nm":"R Bottom 02","np":3,"cix":2,"bm":0,"ix":2,"mn":"ADBE Vector Group","hd":false}],"ip":34,"op":45,"st":27,"bm":0},{"ddd":0,"ind":3,"ty":4,"nm":"R Lid 01","parent":5,"sr":1,"ks":{"o":{"a":0,"k":100,"ix":11},"r":{"a":0,"k":0,"ix":10},"p":{"a":0,"k":[0,0,0],"ix":2,"l":2},"a":{"a":0,"k":[0,0,0],"ix":1,"l":2},"s":{"a":0,"k":[100,100,100],"ix":6,"l":2}},"ao":0,"shapes":[{"ty":"gr","it":[{"ind":0,"ty":"sh","ix":1,"ks":{"a":1,"k":[{"i":{"x":0,"y":1},"o":{"x":0.065,"y":0},"t":6,"s":[{"i":[[-70.589,0],[0,-108.144],[118.477,-2.316],[0.321,0]],"o":[[70.589,0],[0.507,-0.499],[-121.524,2.375],[0,-108.144]],"v":[[0,-195.812],[127.812,0],[0.352,-196.375],[-127.812,0]],"c":true}]},{"i":{"x":0.833,"y":1},"o":{"x":0.167,"y":0},"t":12,"s":[{"i":[[-70.589,0],[0,-108.144],[74.534,-1.625],[0.321,0]],"o":[[70.589,0],[0.507,-0.499],[-70.489,1.536],[0,-108.144]],"v":[[0,-195.812],[127.812,0],[0.588,51.625],[-127.812,0]],"c":true}]},{"i":{"x":0,"y":1},"o":{"x":0.203,"y":0},"t":15,"s":[{"i":[[-70.589,0],[0,-108.144],[74.534,-1.625],[0.321,0]],"o":[[70.589,0],[0.507,-0.499],[-70.489,1.536],[0,-108.144]],"v":[[0,-195.812],[127.812,0],[0.588,51.625],[-127.812,0]],"c":true}]},{"t":19,"s":[{"i":[[-70.589,0],[0,-108.144],[118.477,-2.316],[0.321,0]],"o":[[70.589,0],[0.507,-0.499],[-121.524,2.375],[0,-108.144]],"v":[[0,-195.812],[127.812,0],[0.352,-196.375],[-127.812,0]],"c":true}]}],"ix":2},"nm":"Path 1","mn":"ADBE Vector Shape - Group","hd":false},{"ty":"st","c":{"a":0,"k":[0.705882352941,0.756862804936,0.784313785329,1],"ix":3},"o":{"a":0,"k":100,"ix":4},"w":{"a":0,"k":20,"ix":5},"lc":1,"lj":1,"ml":4,"bm":0,"nm":"Stroke 1","mn":"ADBE Vector Graphic - Stroke","hd":false},{"ty":"fl","c":{"a":0,"k":[0.614441695868,0.691064094095,0.732322303922,1],"ix":4},"o":{"a":0,"k":100,"ix":5},"r":1,"bm":0,"nm":"Fill 1","mn":"ADBE Vector Graphic - Fill","hd":false},{"ty":"tr","p":{"a":0,"k":[-135.828,16],"ix":2},"a":{"a":0,"k":[0,0],"ix":1},"s":{"a":0,"k":[100,100],"ix":3},"r":{"a":0,"k":0,"ix":6},"o":{"a":0,"k":100,"ix":7},"sk":{"a":0,"k":0,"ix":4},"sa":{"a":0,"k":0,"ix":5},"nm":"Transform"}],"nm":"R Top 01","np":3,"cix":2,"bm":0,"ix":1,"mn":"ADBE Vector Group","hd":false},{"ty":"gr","it":[{"ind":0,"ty":"sh","ix":1,"ks":{"a":1,"k":[{"i":{"x":0,"y":1},"o":{"x":0.065,"y":0},"t":6,"s":[{"i":[[1.012,0],[70.589,0],[0,108.144],[-122.826,-3.377]],"o":[[0,108.144],[-70.589,0],[-0.179,0.498],[121.136,3.33]],"v":[[127.813,0],[0,195.812],[-127.812,0],[-0.346,195.377]],"c":true}]},{"i":{"x":0,"y":1},"o":{"x":0.203,"y":0},"t":15,"s":[{"i":[[1.012,0],[70.589,0],[0,108.144],[-63.939,0.123]],"o":[[0,108.144],[-70.589,0],[-0.179,0.498],[64.468,-0.124]],"v":[[127.813,0],[0,195.812],[-127.812,0],[-0.173,0.377]],"c":true}]},{"t":18,"s":[{"i":[[1.012,0],[70.589,0],[0,108.144],[-122.826,-3.377]],"o":[[0,108.144],[-70.589,0],[-0.179,0.498],[121.136,3.33]],"v":[[127.812,0],[0,195.812],[-127.812,0],[-0.346,195.377]],"c":true}]}],"ix":2},"nm":"Path 1","mn":"ADBE Vector Shape - Group","hd":false},{"ty":"st","c":{"a":0,"k":[0.705882352941,0.756862804936,0.784313785329,1],"ix":3},"o":{"a":0,"k":100,"ix":4},"w":{"a":0,"k":20,"ix":5},"lc":1,"lj":1,"ml":4,"bm":0,"nm":"Stroke 1","mn":"ADBE Vector Graphic - Stroke","hd":false},{"ty":"fl","c":{"a":0,"k":[0.61568627451,0.690196078431,0.733333333333,1],"ix":4},"o":{"a":0,"k":100,"ix":5},"r":1,"bm":0,"nm":"Fill 1","mn":"ADBE Vector Graphic - Fill","hd":false},{"ty":"tr","p":{"a":0,"k":[-135.828,16],"ix":2},"a":{"a":0,"k":[0,0],"ix":1},"s":{"a":0,"k":[100,100],"ix":3},"r":{"a":0,"k":0,"ix":6},"o":{"a":0,"k":100,"ix":7},"sk":{"a":0,"k":0,"ix":4},"sa":{"a":0,"k":0,"ix":5},"nm":"Transform"}],"nm":"R Bottom 01","np":3,"cix":2,"bm":0,"ix":2,"mn":"ADBE Vector Group","hd":false}],"ip":7,"op":18,"st":0,"bm":0},{"ddd":0,"ind":4,"ty":4,"nm":"R Pupil ","parent":5,"sr":1,"ks":{"o":{"a":0,"k":100,"ix":11},"r":{"a":0,"k":0,"ix":10},"p":{"a":1,"k":[{"i":{"x":0.667,"y":1},"o":{"x":0.333,"y":0},"t":6,"s":[-135,20,0],"to":[0,8.196,0],"ti":[8.5,0,0]},{"i":{"x":0.667,"y":1},"o":{"x":0.333,"y":0},"t":12,"s":[-135,69.176,0],"to":[-8.5,0,0],"ti":[8.5,8.196,0]},{"i":{"x":0.667,"y":0.667},"o":{"x":0.167,"y":0.167},"t":18,"s":[-186,20,0],"to":[0,0,0],"ti":[0,0,0]},{"i":{"x":0.667,"y":1},"o":{"x":0.167,"y":0},"t":33,"s":[-186,20,0],"to":[8.5,8.196,0],"ti":[-8.5,0,0]},{"i":{"x":0.667,"y":1},"o":{"x":0.333,"y":0},"t":39,"s":[-135,69.176,0],"to":[8.5,0,0],"ti":[0,8.196,0]},{"t":45,"s":[-135,20,0]}],"ix":2,"l":2},"a":{"a":0,"k":[-186,20,0],"ix":1,"l":2},"s":{"a":0,"k":[100,100,100],"ix":6,"l":2}},"ao":0,"shapes":[{"ty":"gr","it":[{"d":1,"ty":"el","s":{"a":0,"k":[63.681,84.625],"ix":2},"p":{"a":0,"k":[0,0],"ix":3},"nm":"Ellipse Path 1","mn":"ADBE Vector Shape - Ellipse","hd":false},{"ty":"fl","c":{"a":0,"k":[0.980392216701,0.980392216701,0.980392216701,1],"ix":4},"o":{"a":0,"k":100,"ix":5},"r":1,"bm":0,"nm":"Fill 1","mn":"ADBE Vector Graphic - Fill","hd":false},{"ty":"tr","p":{"a":0,"k":[-150.629,-32.18],"ix":2},"a":{"a":0,"k":[0,0],"ix":1},"s":{"a":0,"k":[100,100],"ix":3},"r":{"a":0,"k":32,"ix":6},"o":{"a":0,"k":100,"ix":7},"sk":{"a":0,"k":0,"ix":4},"sa":{"a":0,"k":0,"ix":5},"nm":"Transform"}],"nm":"R Hilit","np":2,"cix":2,"bm":0,"ix":1,"mn":"ADBE Vector Group","hd":false},{"ty":"gr","it":[{"d":1,"ty":"el","s":{"a":1,"k":[{"i":{"x":[0.833,0.833],"y":[0.833,0.833]},"o":{"x":[0.167,0.167],"y":[0.167,0.167]},"t":12,"s":[121.625,161.625]},{"i":{"x":[0.833,0.833],"y":[0.833,0.833]},"o":{"x":[0.167,0.167],"y":[0.167,0.167]},"t":16,"s":[117.625,174.625]},{"t":18,"s":[121.625,161.625]}],"ix":2},"p":{"a":0,"k":[0,0],"ix":3},"nm":"Ellipse Path 1","mn":"ADBE Vector Shape - Ellipse","hd":false},{"ty":"fl","c":{"a":0,"k":[0.18431372549,0.18431372549,0.18431372549,1],"ix":4},"o":{"a":0,"k":100,"ix":5},"r":1,"bm":0,"nm":"Fill 1","mn":"ADBE Vector Graphic - Fill","hd":false},{"ty":"tr","p":{"a":0,"k":[-186.82,16],"ix":2},"a":{"a":0,"k":[0,0],"ix":1},"s":{"a":0,"k":[100,100],"ix":3},"r":{"a":1,"k":[{"i":{"x":[0.833],"y":[0.833]},"o":{"x":[0.167],"y":[0.167]},"t":12,"s":[0]},{"i":{"x":[0.833],"y":[0.833]},"o":{"x":[0.167],"y":[0.167]},"t":16,"s":[-22]},{"t":18,"s":[0]}],"ix":6},"o":{"a":0,"k":100,"ix":7},"sk":{"a":0,"k":0,"ix":4},"sa":{"a":0,"k":0,"ix":5},"nm":"Transform"}],"nm":"R Pupil","np":2,"cix":2,"bm":0,"ix":2,"mn":"ADBE Vector Group","hd":false}],"ip":0,"op":48,"st":0,"bm":0},{"ddd":0,"ind":5,"ty":4,"nm":"R Eye White ","sr":1,"ks":{"o":{"a":0,"k":100,"ix":11},"r":{"a":0,"k":0,"ix":10},"p":{"a":1,"k":[{"i":{"x":0.667,"y":1},"o":{"x":0.333,"y":0},"t":6,"s":[470,347,0],"to":[0,1.833,0],"ti":[0,0,0]},{"i":{"x":0.667,"y":1},"o":{"x":0.333,"y":0},"t":12,"s":[470,358,0],"to":[0,0,0],"ti":[0,1.833,0]},{"i":{"x":0.667,"y":0.667},"o":{"x":0.333,"y":0.333},"t":18,"s":[470,347,0],"to":[0,0,0],"ti":[0,0,0]},{"i":{"x":0.667,"y":1},"o":{"x":0.333,"y":0},"t":33,"s":[470,347,0],"to":[0,1.833,0],"ti":[0,0,0]},{"i":{"x":0.667,"y":1},"o":{"x":0.333,"y":0},"t":39,"s":[470,358,0],"to":[0,0,0],"ti":[0,1.833,0]},{"t":45,"s":[470,347,0]}],"ix":2,"l":2},"a":{"a":0,"k":[-130,22,0],"ix":1,"l":2},"s":{"a":1,"k":[{"i":{"x":[0.667,0.667,0.667],"y":[1,1,1]},"o":{"x":[0.333,0.333,0.333],"y":[0,0,0]},"t":6,"s":[100,100,100]},{"i":{"x":[0.667,0.667,0.667],"y":[1,1,1]},"o":{"x":[0.333,0.333,0.333],"y":[0,0,0]},"t":10,"s":[106,93,100]},{"i":{"x":[0.833,0.833,0.833],"y":[1,1,1]},"o":{"x":[0.333,0.333,0.333],"y":[0,0,0]},"t":15,"s":[100,100,100]},{"i":{"x":[0.667,0.667,0.667],"y":[1,1,1]},"o":{"x":[0.167,0.167,0.167],"y":[0,0,0]},"t":18,"s":[98,103,100]},{"i":{"x":[0.667,0.667,0.667],"y":[1,1,1]},"o":{"x":[0.333,0.333,0.333],"y":[0,0,0]},"t":20,"s":[100,100,100]},{"i":{"x":[0.667,0.667,0.667],"y":[1,1,1]},"o":{"x":[0.333,0.333,0.333],"y":[0,0,0]},"t":33,"s":[100,100,100]},{"i":{"x":[0.667,0.667,0.667],"y":[1,1,1]},"o":{"x":[0.333,0.333,0.333],"y":[0,0,0]},"t":37,"s":[106,93,100]},{"i":{"x":[0.833,0.833,0.833],"y":[1,1,1]},"o":{"x":[0.333,0.333,0.333],"y":[0,0,0]},"t":42,"s":[100,100,100]},{"i":{"x":[0.667,0.667,0.667],"y":[1,1,1]},"o":{"x":[0.167,0.167,0.167],"y":[0,0,0]},"t":45,"s":[98,103,100]},{"t":47,"s":[100,100,100]}],"ix":6,"l":2}},"ao":0,"shapes":[{"ty":"gr","it":[{"d":1,"ty":"el","s":{"a":0,"k":[255.625,391.625],"ix":2},"p":{"a":0,"k":[0,0],"ix":3},"nm":"Ellipse Path 1","mn":"ADBE Vector Shape - Ellipse","hd":false},{"ty":"fl","c":{"a":0,"k":[0.980392216701,0.980392216701,0.980392216701,1],"ix":4},"o":{"a":0,"k":100,"ix":5},"r":1,"bm":0,"nm":"Fill 1","mn":"ADBE Vector Graphic - Fill","hd":false},{"ty":"tr","p":{"a":0,"k":[-135.828,16],"ix":2},"a":{"a":0,"k":[0,0],"ix":1},"s":{"a":0,"k":[100,100],"ix":3},"r":{"a":0,"k":0,"ix":6},"o":{"a":0,"k":100,"ix":7},"sk":{"a":0,"k":0,"ix":4},"sa":{"a":0,"k":0,"ix":5},"nm":"Transform"}],"nm":"R Eye ","np":2,"cix":2,"bm":0,"ix":1,"mn":"ADBE Vector Group","hd":false}],"ip":0,"op":48,"st":0,"bm":0},{"ddd":0,"ind":6,"ty":4,"nm":"L Eye Line ","parent":10,"sr":1,"ks":{"o":{"a":0,"k":100,"ix":11},"r":{"a":0,"k":0,"ix":10},"p":{"a":0,"k":[0,0,0],"ix":2,"l":2},"a":{"a":0,"k":[0,0,0],"ix":1,"l":2},"s":{"a":0,"k":[100,100,100],"ix":6,"l":2}},"ao":0,"shapes":[{"ty":"gr","it":[{"d":1,"ty":"el","s":{"a":0,"k":[255.625,391.625],"ix":2},"p":{"a":0,"k":[0,0],"ix":3},"nm":"Ellipse Path 1","mn":"ADBE Vector Shape - Ellipse","hd":false},{"ty":"st","c":{"a":0,"k":[0.705882352941,0.756862804936,0.784313785329,1],"ix":3},"o":{"a":0,"k":100,"ix":4},"w":{"a":0,"k":20,"ix":5},"lc":1,"lj":1,"ml":4,"bm":0,"nm":"Stroke 1","mn":"ADBE Vector Graphic - Stroke","hd":false},{"ty":"tr","p":{"a":0,"k":[-135.828,16],"ix":2},"a":{"a":0,"k":[0,0],"ix":1},"s":{"a":0,"k":[100,100],"ix":3},"r":{"a":0,"k":0,"ix":6},"o":{"a":0,"k":100,"ix":7},"sk":{"a":0,"k":0,"ix":4},"sa":{"a":0,"k":0,"ix":5},"nm":"Transform"}],"nm":"L Eye Line","np":2,"cix":2,"bm":0,"ix":1,"mn":"ADBE Vector Group","hd":false}],"ip":0,"op":48,"st":0,"bm":0},{"ddd":0,"ind":7,"ty":4,"nm":"L Lid 02","parent":10,"sr":1,"ks":{"o":{"a":0,"k":100,"ix":11},"r":{"a":0,"k":0,"ix":10},"p":{"a":0,"k":[0,0,0],"ix":2,"l":2},"a":{"a":0,"k":[0,0,0],"ix":1,"l":2},"s":{"a":0,"k":[100,100,100],"ix":6,"l":2}},"ao":0,"shapes":[{"ty":"gr","it":[{"ind":0,"ty":"sh","ix":1,"ks":{"a":1,"k":[{"i":{"x":0,"y":1},"o":{"x":0.065,"y":0},"t":33,"s":[{"i":[[-70.589,0],[0,-108.144],[118.477,-2.316],[0.321,0]],"o":[[70.589,0],[0.507,-0.499],[-121.524,2.375],[0,-108.144]],"v":[[0,-195.812],[127.812,0],[0.352,-196.375],[-127.812,0]],"c":true}]},{"i":{"x":0.833,"y":1},"o":{"x":0.167,"y":0},"t":39,"s":[{"i":[[-70.589,0],[0,-108.144],[74.534,-1.625],[0.321,0]],"o":[[70.589,0],[0.507,-0.499],[-70.489,1.536],[0,-108.144]],"v":[[0,-195.812],[127.812,0],[0.588,51.625],[-127.812,0]],"c":true}]},{"i":{"x":0,"y":1},"o":{"x":0.203,"y":0},"t":42,"s":[{"i":[[-70.589,0],[0,-108.144],[74.534,-1.625],[0.321,0]],"o":[[70.589,0],[0.507,-0.499],[-70.489,1.536],[0,-108.144]],"v":[[0,-195.812],[127.812,0],[0.588,51.625],[-127.812,0]],"c":true}]},{"t":46,"s":[{"i":[[-70.589,0],[0,-108.144],[118.477,-2.316],[0.321,0]],"o":[[70.589,0],[0.507,-0.499],[-121.524,2.375],[0,-108.144]],"v":[[0,-195.812],[127.812,0],[0.352,-196.375],[-127.812,0]],"c":true}]}],"ix":2},"nm":"Path 1","mn":"ADBE Vector Shape - Group","hd":false},{"ty":"st","c":{"a":0,"k":[0.705882352941,0.756862804936,0.784313785329,1],"ix":3},"o":{"a":0,"k":100,"ix":4},"w":{"a":0,"k":20,"ix":5},"lc":1,"lj":1,"ml":4,"bm":0,"nm":"Stroke 1","mn":"ADBE Vector Graphic - Stroke","hd":false},{"ty":"fl","c":{"a":0,"k":[0.614441695868,0.691064094095,0.732322303922,1],"ix":4},"o":{"a":0,"k":100,"ix":5},"r":1,"bm":0,"nm":"Fill 1","mn":"ADBE Vector Graphic - Fill","hd":false},{"ty":"tr","p":{"a":0,"k":[-135.828,16],"ix":2},"a":{"a":0,"k":[0,0],"ix":1},"s":{"a":0,"k":[100,100],"ix":3},"r":{"a":0,"k":0,"ix":6},"o":{"a":0,"k":100,"ix":7},"sk":{"a":0,"k":0,"ix":4},"sa":{"a":0,"k":0,"ix":5},"nm":"Transform"}],"nm":"L Top 02","np":3,"cix":2,"bm":0,"ix":1,"mn":"ADBE Vector Group","hd":false},{"ty":"gr","it":[{"ind":0,"ty":"sh","ix":1,"ks":{"a":1,"k":[{"i":{"x":0,"y":1},"o":{"x":0.065,"y":0},"t":33,"s":[{"i":[[1.012,0],[70.589,0],[0,108.144],[-122.826,-3.377]],"o":[[0,108.144],[-70.589,0],[-0.179,0.498],[121.136,3.33]],"v":[[127.813,0],[0,195.812],[-127.812,0],[-0.346,195.377]],"c":true}]},{"i":{"x":0,"y":1},"o":{"x":0.203,"y":0},"t":42,"s":[{"i":[[1.012,0],[70.589,0],[0,108.144],[-63.939,0.123]],"o":[[0,108.144],[-70.589,0],[-0.179,0.498],[64.468,-0.124]],"v":[[127.813,0],[0,195.812],[-127.812,0],[-0.173,0.377]],"c":true}]},{"t":45,"s":[{"i":[[1.012,0],[70.589,0],[0,108.144],[-122.826,-3.377]],"o":[[0,108.144],[-70.589,0],[-0.179,0.498],[121.136,3.33]],"v":[[127.812,0],[0,195.812],[-127.812,0],[-0.346,195.377]],"c":true}]}],"ix":2},"nm":"Path 1","mn":"ADBE Vector Shape - Group","hd":false},{"ty":"st","c":{"a":0,"k":[0.705882352941,0.756862804936,0.784313785329,1],"ix":3},"o":{"a":0,"k":100,"ix":4},"w":{"a":0,"k":20,"ix":5},"lc":1,"lj":1,"ml":4,"bm":0,"nm":"Stroke 1","mn":"ADBE Vector Graphic - Stroke","hd":false},{"ty":"fl","c":{"a":0,"k":[0.61568627451,0.690196078431,0.733333333333,1],"ix":4},"o":{"a":0,"k":100,"ix":5},"r":1,"bm":0,"nm":"Fill 1","mn":"ADBE Vector Graphic - Fill","hd":false},{"ty":"tr","p":{"a":0,"k":[-135.828,16],"ix":2},"a":{"a":0,"k":[0,0],"ix":1},"s":{"a":0,"k":[100,100],"ix":3},"r":{"a":0,"k":0,"ix":6},"o":{"a":0,"k":100,"ix":7},"sk":{"a":0,"k":0,"ix":4},"sa":{"a":0,"k":0,"ix":5},"nm":"Transform"}],"nm":"L Bottom 02","np":3,"cix":2,"bm":0,"ix":2,"mn":"ADBE Vector Group","hd":false}],"ip":34,"op":45,"st":27,"bm":0},{"ddd":0,"ind":8,"ty":4,"nm":"L Lid 01","parent":10,"sr":1,"ks":{"o":{"a":0,"k":100,"ix":11},"r":{"a":0,"k":0,"ix":10},"p":{"a":0,"k":[0,0,0],"ix":2,"l":2},"a":{"a":0,"k":[0,0,0],"ix":1,"l":2},"s":{"a":0,"k":[100,100,100],"ix":6,"l":2}},"ao":0,"shapes":[{"ty":"gr","it":[{"ind":0,"ty":"sh","ix":1,"ks":{"a":1,"k":[{"i":{"x":0,"y":1},"o":{"x":0.065,"y":0},"t":6,"s":[{"i":[[-70.589,0],[0,-108.144],[118.477,-2.316],[0.321,0]],"o":[[70.589,0],[0.507,-0.499],[-121.524,2.375],[0,-108.144]],"v":[[0,-195.812],[127.812,0],[0.352,-196.375],[-127.812,0]],"c":true}]},{"i":{"x":0.833,"y":1},"o":{"x":0.167,"y":0},"t":12,"s":[{"i":[[-70.589,0],[0,-108.144],[74.534,-1.625],[0.321,0]],"o":[[70.589,0],[0.507,-0.499],[-70.489,1.536],[0,-108.144]],"v":[[0,-195.812],[127.812,0],[0.588,51.625],[-127.812,0]],"c":true}]},{"i":{"x":0,"y":1},"o":{"x":0.203,"y":0},"t":15,"s":[{"i":[[-70.589,0],[0,-108.144],[74.534,-1.625],[0.321,0]],"o":[[70.589,0],[0.507,-0.499],[-70.489,1.536],[0,-108.144]],"v":[[0,-195.812],[127.812,0],[0.588,51.625],[-127.812,0]],"c":true}]},{"t":19,"s":[{"i":[[-70.589,0],[0,-108.144],[118.477,-2.316],[0.321,0]],"o":[[70.589,0],[0.507,-0.499],[-121.524,2.375],[0,-108.144]],"v":[[0,-195.812],[127.812,0],[0.352,-196.375],[-127.812,0]],"c":true}]}],"ix":2},"nm":"Path 1","mn":"ADBE Vector Shape - Group","hd":false},{"ty":"st","c":{"a":0,"k":[0.705882352941,0.756862804936,0.784313785329,1],"ix":3},"o":{"a":0,"k":100,"ix":4},"w":{"a":0,"k":20,"ix":5},"lc":1,"lj":1,"ml":4,"bm":0,"nm":"Stroke 1","mn":"ADBE Vector Graphic - Stroke","hd":false},{"ty":"fl","c":{"a":0,"k":[0.614441695868,0.691064094095,0.732322303922,1],"ix":4},"o":{"a":0,"k":100,"ix":5},"r":1,"bm":0,"nm":"Fill 1","mn":"ADBE Vector Graphic - Fill","hd":false},{"ty":"tr","p":{"a":0,"k":[-135.828,16],"ix":2},"a":{"a":0,"k":[0,0],"ix":1},"s":{"a":0,"k":[100,100],"ix":3},"r":{"a":0,"k":0,"ix":6},"o":{"a":0,"k":100,"ix":7},"sk":{"a":0,"k":0,"ix":4},"sa":{"a":0,"k":0,"ix":5},"nm":"Transform"}],"nm":"L Top 01","np":3,"cix":2,"bm":0,"ix":1,"mn":"ADBE Vector Group","hd":false},{"ty":"gr","it":[{"ind":0,"ty":"sh","ix":1,"ks":{"a":1,"k":[{"i":{"x":0,"y":1},"o":{"x":0.065,"y":0},"t":6,"s":[{"i":[[1.012,0],[70.589,0],[0,108.144],[-122.826,-3.377]],"o":[[0,108.144],[-70.589,0],[-0.179,0.498],[121.136,3.33]],"v":[[127.813,0],[0,195.812],[-127.812,0],[-0.346,195.377]],"c":true}]},{"i":{"x":0,"y":1},"o":{"x":0.203,"y":0},"t":15,"s":[{"i":[[1.012,0],[70.589,0],[0,108.144],[-63.939,0.123]],"o":[[0,108.144],[-70.589,0],[-0.179,0.498],[64.468,-0.124]],"v":[[127.813,0],[0,195.812],[-127.812,0],[-0.173,0.377]],"c":true}]},{"t":18,"s":[{"i":[[1.012,0],[70.589,0],[0,108.144],[-122.826,-3.377]],"o":[[0,108.144],[-70.589,0],[-0.179,0.498],[121.136,3.33]],"v":[[127.812,0],[0,195.812],[-127.812,0],[-0.346,195.377]],"c":true}]}],"ix":2},"nm":"Path 1","mn":"ADBE Vector Shape - Group","hd":false},{"ty":"st","c":{"a":0,"k":[0.705882352941,0.756862804936,0.784313785329,1],"ix":3},"o":{"a":0,"k":100,"ix":4},"w":{"a":0,"k":20,"ix":5},"lc":1,"lj":1,"ml":4,"bm":0,"nm":"Stroke 1","mn":"ADBE Vector Graphic - Stroke","hd":false},{"ty":"fl","c":{"a":0,"k":[0.61568627451,0.690196078431,0.733333333333,1],"ix":4},"o":{"a":0,"k":100,"ix":5},"r":1,"bm":0,"nm":"Fill 1","mn":"ADBE Vector Graphic - Fill","hd":false},{"ty":"tr","p":{"a":0,"k":[-135.828,16],"ix":2},"a":{"a":0,"k":[0,0],"ix":1},"s":{"a":0,"k":[100,100],"ix":3},"r":{"a":0,"k":0,"ix":6},"o":{"a":0,"k":100,"ix":7},"sk":{"a":0,"k":0,"ix":4},"sa":{"a":0,"k":0,"ix":5},"nm":"Transform"}],"nm":"L Bottom 01","np":3,"cix":2,"bm":0,"ix":2,"mn":"ADBE Vector Group","hd":false}],"ip":7,"op":18,"st":0,"bm":0},{"ddd":0,"ind":9,"ty":4,"nm":"L Pupil ","parent":10,"sr":1,"ks":{"o":{"a":0,"k":100,"ix":11},"r":{"a":0,"k":0,"ix":10},"p":{"a":1,"k":[{"i":{"x":0.667,"y":1},"o":{"x":0.333,"y":0},"t":6,"s":[-135,20,0],"to":[0,8.196,0],"ti":[8.5,0,0]},{"i":{"x":0.667,"y":1},"o":{"x":0.333,"y":0},"t":12,"s":[-135,69.176,0],"to":[-8.5,0,0],"ti":[8.5,8.196,0]},{"i":{"x":0.667,"y":0.667},"o":{"x":0.167,"y":0.167},"t":18,"s":[-186,20,0],"to":[0,0,0],"ti":[0,0,0]},{"i":{"x":0.667,"y":1},"o":{"x":0.167,"y":0},"t":33,"s":[-186,20,0],"to":[8.5,8.196,0],"ti":[-8.5,0,0]},{"i":{"x":0.667,"y":1},"o":{"x":0.333,"y":0},"t":39,"s":[-135,69.176,0],"to":[8.5,0,0],"ti":[0,8.196,0]},{"t":45,"s":[-135,20,0]}],"ix":2,"l":2},"a":{"a":0,"k":[-186,20,0],"ix":1,"l":2},"s":{"a":0,"k":[100,100,100],"ix":6,"l":2}},"ao":0,"shapes":[{"ty":"gr","it":[{"d":1,"ty":"el","s":{"a":0,"k":[63.681,84.625],"ix":2},"p":{"a":0,"k":[0,0],"ix":3},"nm":"Ellipse Path 1","mn":"ADBE Vector Shape - Ellipse","hd":false},{"ty":"fl","c":{"a":0,"k":[0.980392216701,0.980392216701,0.980392216701,1],"ix":4},"o":{"a":0,"k":100,"ix":5},"r":1,"bm":0,"nm":"Fill 1","mn":"ADBE Vector Graphic - Fill","hd":false},{"ty":"tr","p":{"a":0,"k":[-150.629,-32.18],"ix":2},"a":{"a":0,"k":[0,0],"ix":1},"s":{"a":0,"k":[100,100],"ix":3},"r":{"a":0,"k":32,"ix":6},"o":{"a":0,"k":100,"ix":7},"sk":{"a":0,"k":0,"ix":4},"sa":{"a":0,"k":0,"ix":5},"nm":"Transform"}],"nm":"L Hilit","np":3,"cix":2,"bm":0,"ix":1,"mn":"ADBE Vector Group","hd":false},{"ty":"gr","it":[{"d":1,"ty":"el","s":{"a":1,"k":[{"i":{"x":[0.833,0.833],"y":[0.833,0.833]},"o":{"x":[0.167,0.167],"y":[0.167,0.167]},"t":12,"s":[121.625,161.625]},{"i":{"x":[0.833,0.833],"y":[0.833,0.833]},"o":{"x":[0.167,0.167],"y":[0.167,0.167]},"t":16,"s":[117.625,174.625]},{"t":18,"s":[121.625,161.625]}],"ix":2},"p":{"a":0,"k":[0,0],"ix":3},"nm":"Ellipse Path 1","mn":"ADBE Vector Shape - Ellipse","hd":false},{"ty":"fl","c":{"a":0,"k":[0.18431372549,0.18431372549,0.18431372549,1],"ix":4},"o":{"a":0,"k":100,"ix":5},"r":1,"bm":0,"nm":"Fill 1","mn":"ADBE Vector Graphic - Fill","hd":false},{"ty":"tr","p":{"a":0,"k":[-186.82,16],"ix":2},"a":{"a":0,"k":[0,0],"ix":1},"s":{"a":0,"k":[100,100],"ix":3},"r":{"a":1,"k":[{"i":{"x":[0.833],"y":[0.833]},"o":{"x":[0.167],"y":[0.167]},"t":12,"s":[0]},{"i":{"x":[0.833],"y":[0.833]},"o":{"x":[0.167],"y":[0.167]},"t":16,"s":[-22]},{"t":18,"s":[0]}],"ix":6},"o":{"a":0,"k":100,"ix":7},"sk":{"a":0,"k":0,"ix":4},"sa":{"a":0,"k":0,"ix":5},"nm":"Transform"}],"nm":"L Pupil","np":3,"cix":2,"bm":0,"ix":2,"mn":"ADBE Vector Group","hd":false}],"ip":0,"op":48,"st":0,"bm":0},{"ddd":0,"ind":10,"ty":4,"nm":"L Eye White ","sr":1,"ks":{"o":{"a":0,"k":100,"ix":11},"r":{"a":0,"k":0,"ix":10},"p":{"a":1,"k":[{"i":{"x":0.667,"y":1},"o":{"x":0.333,"y":0},"t":6,"s":[195,347,0],"to":[0,1.833,0],"ti":[0,0,0]},{"i":{"x":0.667,"y":1},"o":{"x":0.333,"y":0},"t":12,"s":[195,358,0],"to":[0,0,0],"ti":[0,1.833,0]},{"i":{"x":0.667,"y":0.667},"o":{"x":0.333,"y":0.333},"t":18,"s":[195,347,0],"to":[0,0,0],"ti":[0,0,0]},{"i":{"x":0.667,"y":1},"o":{"x":0.333,"y":0},"t":33,"s":[195,347,0],"to":[0,1.833,0],"ti":[0,0,0]},{"i":{"x":0.667,"y":1},"o":{"x":0.333,"y":0},"t":39,"s":[195,358,0],"to":[0,0,0],"ti":[0,1.833,0]},{"t":45,"s":[195,347,0]}],"ix":2,"l":2},"a":{"a":0,"k":[-130,22,0],"ix":1,"l":2},"s":{"a":1,"k":[{"i":{"x":[0.667,0.667,0.667],"y":[1,1,1]},"o":{"x":[0.333,0.333,0.333],"y":[0,0,0]},"t":6,"s":[100,100,100]},{"i":{"x":[0.667,0.667,0.667],"y":[1,1,1]},"o":{"x":[0.333,0.333,0.333],"y":[0,0,0]},"t":10,"s":[106,93,100]},{"i":{"x":[0.833,0.833,0.833],"y":[1,1,1]},"o":{"x":[0.333,0.333,0.333],"y":[0,0,0]},"t":15,"s":[100,100,100]},{"i":{"x":[0.667,0.667,0.667],"y":[1,1,1]},"o":{"x":[0.167,0.167,0.167],"y":[0,0,0]},"t":18,"s":[98,103,100]},{"i":{"x":[0.667,0.667,0.667],"y":[1,1,1]},"o":{"x":[0.333,0.333,0.333],"y":[0,0,0]},"t":20,"s":[100,100,100]},{"i":{"x":[0.667,0.667,0.667],"y":[1,1,1]},"o":{"x":[0.333,0.333,0.333],"y":[0,0,0]},"t":33,"s":[100,100,100]},{"i":{"x":[0.667,0.667,0.667],"y":[1,1,1]},"o":{"x":[0.333,0.333,0.333],"y":[0,0,0]},"t":37,"s":[106,93,100]},{"i":{"x":[0.833,0.833,0.833],"y":[1,1,1]},"o":{"x":[0.333,0.333,0.333],"y":[0,0,0]},"t":42,"s":[100,100,100]},{"i":{"x":[0.667,0.667,0.667],"y":[1,1,1]},"o":{"x":[0.167,0.167,0.167],"y":[0,0,0]},"t":45,"s":[98,103,100]},{"t":47,"s":[100,100,100]}],"ix":6,"l":2}},"ao":0,"shapes":[{"ty":"gr","it":[{"d":1,"ty":"el","s":{"a":0,"k":[255.625,391.625],"ix":2},"p":{"a":0,"k":[0,0],"ix":3},"nm":"Ellipse Path 1","mn":"ADBE Vector Shape - Ellipse","hd":false},{"ty":"fl","c":{"a":0,"k":[0.980392216701,0.980392216701,0.980392216701,1],"ix":4},"o":{"a":0,"k":100,"ix":5},"r":1,"bm":0,"nm":"Fill 1","mn":"ADBE Vector Graphic - Fill","hd":false},{"ty":"tr","p":{"a":0,"k":[-135.828,16],"ix":2},"a":{"a":0,"k":[0,0],"ix":1},"s":{"a":0,"k":[100,100],"ix":3},"r":{"a":0,"k":0,"ix":6},"o":{"a":0,"k":100,"ix":7},"sk":{"a":0,"k":0,"ix":4},"sa":{"a":0,"k":0,"ix":5},"nm":"Transform"}],"nm":"L Eye ","np":2,"cix":2,"bm":0,"ix":1,"mn":"ADBE Vector Group","hd":false}],"ip":0,"op":48,"st":0,"bm":0}],"markers":[{"tm":14,"cm":"1","dr":0}]}